retailer,sku,name,production_system,price,price_unit,price_per_egg,quantity,source,url
Mercadona,30167,Huevos,caged,5.6,dz,0.23,24,API,https://tienda.mercadona.es/product/30167/huevos-tamanos-diferentes-paquete
Mercadona,31592,Huevos super grandes XL,caged,4.3,dc,0.36,12,API,https://tienda.mercadona.es/product/31592/huevos-super-grandes-xl-paquete
Mercadona,31504,Huevos grandes L,caged,3.2,dc,0.27,12,API,https://tienda.mercadona.es/product/31504/huevos-grandes-l-paquete
Mercadona,31540,Huevos grandes L,caged,1.8,dc,0.3,6,API,https://tienda.mercadona.es/product/31540/huevos-grandes-l-paquete
Mercadona,31505,Huevos medianos M,caged,3.0,dc,0.25,12,API,https://tienda.mercadona.es/product/31505/huevos-medianos-m-paquete
Mercadona,15768,Huevos de gallinas camperas,free_range,3.5,dc,0.29,12,API,https://tienda.mercadona.es/product/15768/huevos-gallinas-camperas-paquete
Mercadona,31310,Huevos de gallinas camperas,free_range,2.1,dc,0.35,6,API,https://tienda.mercadona.es/product/31310/huevos-gallinas-camperas-paquete
Mercadona,31010,Huevos cocidos,caged,2.2,dc,0.37,6,API,https://tienda.mercadona.es/product/31010/huevos-cocidos-paquete
Mercadona,31011,Huevos de codorniz,caged,1.85,dc,0.1,18,API,https://tienda.mercadona.es/product/31011/huevos-codorniz-paquete
DIA,274009,Huevos medianos M Dia 24 unidades,caged,5.75,docena,0.24,24,SSR,https://www.dia.es/huevos-leche-y-mantequilla/huevos/p/274009
DIA,306230,Huevos grandes L de gallinas criadas en suelo Dia 12 unidades,barn,3.2,docena,0.27,12,SSR,https://www.dia.es/huevos-leche-y-mantequilla/huevos/p/306230
DIA,274010,Huevos medianos M de gallinas criadas en suelo Dia 12 unidades,barn,3.0,docena,0.25,12,SSR,https://www.dia.es/huevos-leche-y-mantequilla/huevos/p/274010
DIA,274540,Huevos camperos medianos/grandes M/L Dia 10 unidades,free_range,3.19,docena,0.32,10,SSR,https://www.dia.es/huevos-leche-y-mantequilla/huevos/p/274540
DIA,274541,Huevos ecológicos grandes/medianos M/L Dia 6 unidades,organic,2.95,docena,0.49,6,SSR,https://www.dia.es/huevos-leche-y-mantequilla/huevos/p/274541
DIA,305802,Huevos extragrandes L/XL de gallinas criadas en suelo Dia 6 unidades,barn,2.2,docena,0.37,6,SSR,https://www.dia.es/huevos-leche-y-mantequilla/huevos/p/305802
DIA,307884,Huevos frescos categoría A clase L Dia 18 unidades,caged,4.69,docena,0.26,18,SSR,https://www.dia.es/huevos-leche-y-mantequilla/huevos/p/307884
DIA,274011,Huevos medianos/grandes M/L de gallinas criadas en el suelo Dia 12 unidades,barn,3.49,docena,0.29,12,SSR,https://www.dia.es/huevos-leche-y-mantequilla/huevos/p/274011
DIA,241893,Huevos camperos Pazo de Vilane caja 12 unidades,free_range,4.49,docena,0.37,12,SSR,https://www.dia.es/huevos-leche-y-mantequilla/huevos/p/241893
DIA,135425,Huevos medianos/grandes M/L maíz Grupo de lucas caja 12 unidades,caged,3.69,docena,0.31,12,SSR,https://www.dia.es/huevos-leche-y-mantequilla/huevos/p/135425
Eroski,19482108,"Huevo fresco L suelo EROSKI, cartón 1 docena",barn,3.38,ud,0.28,12,HTML,https://supermercado.eroski.es/es/productdetail/19482108-huevo-fresco-l-suelo-eroski-cart%C3%B3n-1-docena/
Eroski,22219273,"Huevos L EROSKI, cartón 18 uds",caged,4.74,ud,0.26,18,HTML,https://supermercado.eroski.es/es/productdetail/22219273-huevos-l-eroski-cart%C3%B3n-18-uds/
Eroski,23792419,"Huevo fresco campero EUSKO LABEL EUSKABER, cartón 10 uds",free_range,4.1,ud,0.41,10,HTML,https://supermercado.eroski.es/es/productdetail/23792419-huevo-fresco-campero-eusko-label-euskaber-cart%C3%B3n-10-uds/
Eroski,20013736,"Huevo campero País Vasco M/L EROSKI Natur, cartón 6 uds",free_range,2.1,ud,0.35,6,HTML,https://supermercado.eroski.es/es/productdetail/20013736-huevo-campero-pa%C3%ADs-vasco-m%2Fl-eroski-natur-cart%C3%B3n-6-uds/
Eroski,26252999,"Huevo fresco M EUSKALOVO, caja 10 docenas",caged,25.75,ud,0.21,120,HTML,https://supermercado.eroski.es/es/productdetail/26252999-huevo-fresco-m-euskalovo-caja-10-docenas/
Eroski,21176482,"Huevo suelo M/L EROSKI, cartón 18 uds",barn,4.96,ud,0.28,18,HTML,https://supermercado.eroski.es/es/productdetail/21176482-huevo-suelo-m%2Fl-eroski-cart%C3%B3n-18-uds/
Eroski,17080953,"Huevos frescos M EROSKI, cartón 12 uds",caged,3.0,ud,0.25,12,HTML,https://supermercado.eroski.es/es/productdetail/17080953-huevos-frescos-m-eroski-cart%C3%B3n-12-uds/
Eroski,3435369,"Huevo fresco XL EROSKI, cartón 12 uds",caged,4.3,ud,0.36,12,HTML,https://supermercado.eroski.es/es/productdetail/3435369-huevo-fresco-xl-eroski-cart%C3%B3n-12-uds/
Eroski,3435047,"Huevo fresco L EROSKI, cartón 12 uds.",caged,3.2,ud,0.27,12,HTML,https://supermercado.eroski.es/es/productdetail/3435047-huevo-fresco-l-eroski-cart%C3%B3n-12-uds./
Eroski,23894736,"Huevo fresco del País Vasco EROSKI NATUR BIO, cartón 6 uds",organic,2.99,ud,0.5,6,HTML,https://supermercado.eroski.es/es/productdetail/23894736-huevo-fresco-del-pa%C3%ADs-vasco-eroski-natur-bio-cart%C3%B3n-6-uds/
Eroski,9690132,"Huevo de caserío EUSKO LABEL BASERRIKO EUSKABER, cartón 6 uds",caged,2.89,ud,0.48,6,HTML,https://supermercado.eroski.es/es/productdetail/9690132-huevo-de-caser%C3%ADo-eusko-label-baserriko-euskaber-cart%C3%B3n-6-uds/
Eroski,19482116,"Huevo fresco M suelo EROSKI, cartón 1 docena",barn,3.2,ud,0.27,12,HTML,https://supermercado.eroski.es/es/productdetail/19482116-huevo-fresco-m-suelo-eroski-cart%C3%B3n-1-docena/
Eroski,26253005,"Huevo fresco L EUSKALOVO, caja 10 docenas",caged,30.69,ud,0.26,120,HTML,https://supermercado.eroski.es/es/productdetail/26253005-huevo-fresco-l-euskalovo-caja-10-docenas/
Eroski,22621643,"Huevo fresco suelo XL HOBEA, cartón 12 uds",barn,5.45,ud,0.45,12,HTML,https://supermercado.eroski.es/es/productdetail/22621643-huevo-fresco-suelo-xl-hobea-cart%C3%B3n-12-uds/
Eroski,14034169,"Huevo ecológico HOBEA, cartón 6 uds",organic,3.79,ud,0.63,6,HTML,https://supermercado.eroski.es/es/productdetail/14034169-huevo-ecol%C3%B3gico-hobea-cart%C3%B3n-6-uds/
Eroski,19169168,"Huevo L suelo HOBEA, cartón 12 uds",barn,4.71,ud,0.39,12,HTML,https://supermercado.eroski.es/es/productdetail/19169168-huevo-l-suelo-hobea-cart%C3%B3n-12-uds/
Eroski,14034185,"Huevo campero HOBEA, cartón 6 uds",free_range,2.57,ud,0.43,6,HTML,https://supermercado.eroski.es/es/productdetail/14034185-huevo-campero-hobea-cart%C3%B3n-6-uds/
Eroski,539361,"Huevo de codorniz HOBEA, caja 12 uds",caged,2.57,ud,0.21,12,HTML,https://supermercado.eroski.es/es/productdetail/539361-huevo-de-codorniz-hobea-caja-12-uds/
Alcampo,52071,PAZO DE VILANE Huevos de gallinas camperas clase M y cat. A 12 uds.,free_range,4.35,ud,0.36,12,SSR,https://www.compraonline.alcampo.es/products/pazo-de-vilane-huevos-de-gallinas-camperas-clase-m-y-cat-a-12-uds/52071
Alcampo,904493,AUCHAN Huevos de gallinas sueltas en el gallinero clase M y cat. A 30 uds. Producto Alcampo,barn,6.98,ud,0.23,30,SSR,https://www.compraonline.alcampo.es/products/auchan-huevos-de-gallinas-sueltas-en-el-gallinero-clase-m-y-cat-a-30-uds-producto-alcampo/904493
Alcampo,804318,AUCHAN Huevos de gallinas sueltas en el gallinero clase L y cat. A 12 uds. Producto Alcampo,barn,3.18,ud,0.27,12,SSR,https://www.compraonline.alcampo.es/products/auchan-huevos-de-gallinas-sueltas-en-el-gallinero-clase-l-y-cat-a-12-uds-producto-alcampo/804318
Alcampo,633548,PITAS Huevos de gallina en jaulas acondicionadas clase S 6 uds.,caged,1.0,ud,0.17,6,SSR,https://www.compraonline.alcampo.es/products/pitas-huevos-de-gallina-en-jaulas-acondicionadas-clase-s-6-uds/633548
Alcampo,228703,AUCHAN Huevos de gallinas sueltas en el gallinero clase L y cat. A 12 uds Producto Alcampo.,barn,2.27,ud,0.19,12,SSR,https://www.compraonline.alcampo.es/products/auchan-huevos-de-gallinas-sueltas-en-el-gallinero-clase-l-y-cat-a-12-uds-producto-alcampo/228703
Alcampo,947535,LA HUERTA DE GALLOCANTA Huevos de gallinas camperas clase M y categoria A 12 uds.,free_range,3.64,ud,0.3,12,SSR,https://www.compraonline.alcampo.es/products/la-huerta-de-gallocanta-huevos-de-gallinas-camperas-clase-m-y-categoria-a-12-uds/947535
Alcampo,220861,RUJAMAR Huevos de producción ecológica de categoría A y clase M-L 8 uds.,organic,3.75,ud,0.47,8,SSR,https://www.compraonline.alcampo.es/products/rujamar-huevos-de-producción-ecológica-de-categoría-a-y-clase-m-l-8-uds/220861
Alcampo,804418,AUCHAN Huevos de gallinas sueltas en el gallinero clase M y cat. A 12 uds. Producto Alcampo,barn,2.98,ud,0.25,12,SSR,https://www.compraonline.alcampo.es/products/auchan-huevos-de-gallinas-sueltas-en-el-gallinero-clase-m-y-cat-a-12-uds-producto-alcampo/804418
Alcampo,52155,PITAS Huevos de gallinas en jaulas acondicionadas clase L 12 uds.,caged,2.95,ud,0.25,12,SSR,https://www.compraonline.alcampo.es/products/pitas-huevos-de-gallinas-en-jaulas-acondicionadas-clase-l-12-uds/52155
Alcampo,677254,ALCAMPO CULTIVAMOS LO BUENO  Huevos de gallinas camperas clase L y cat. A 12 uds.,free_range,3.96,ud,0.33,12,SSR,https://www.compraonline.alcampo.es/products/alcampo-cultivamos-lo-bueno-huevos-de-gallinas-camperas-clase-l-y-cat-a-12-uds/677254
Alcampo,765110,AUCHAN Huevos de gallinas sueltas en el gallinero clase L - XL y cat. A 12 uds. Producto Alcampo,barn,4.27,ud,0.36,12,SSR,https://www.compraonline.alcampo.es/products/auchan-huevos-de-gallinas-sueltas-en-el-gallinero-clase-l-xl-y-cat-a-12-uds-producto-alcampo/765110
Alcampo,50994,PITAS Huevos de gallinas en jaulas acondicionadas clase M 12 Unidades,caged,2.89,ud,0.24,12,SSR,https://www.compraonline.alcampo.es/products/pitas-huevos-de-gallinas-en-jaulas-acondicionadas-clase-m-12-unidades/50994
Alcampo,916052,CORRAL DE MONEGROS Huevos de gallinas camperas clase M-L y cat. A 12 uds.,free_range,4.65,ud,0.39,12,SSR,https://www.compraonline.alcampo.es/products/corral-de-monegros-huevos-de-gallinas-camperas-clase-m-l-y-cat-a-12-uds/916052
Alcampo,797750,MONEGROS Huevos de producción ecológica clase M-L y categoría A 6 uds.,organic,2.99,ud,0.5,6,SSR,https://www.compraonline.alcampo.es/products/monegros-huevos-de-producción-ecológica-clase-m-l-y-categoría-a-6-uds/797750
Alcampo,428253,GRANJAS VILLARREAL Huevos de gallinas camperas clase M-L y cat. A 12 uds.,free_range,3.95,ud,0.33,12,SSR,https://www.compraonline.alcampo.es/products/granjas-villarreal-huevos-de-gallinas-camperas-clase-m-l-y-cat-a-12-uds/428253
Alcampo,99261,LOS FRESQUITOS Huevos de gallinas en jaulas acondicionadas de categoría A y clase M 10 uds.,caged,2.49,ud,0.25,10,SSR,https://www.compraonline.alcampo.es/products/los-fresquitos-huevos-de-gallinas-en-jaulas-acondicionadas-de-categoría-a-y-clase-m-10-uds/99261
Alcampo,257028,RUJAMAR Huevos de producción ecológica de categoria A y clase L-XL 6 uds.,organic,3.79,ud,0.63,6,SSR,https://www.compraonline.alcampo.es/products/rujamar-huevos-de-producción-ecológica-de-categoria-a-y-clase-l-xl-6-uds/257028
Alcampo,804431,AUCHAN Huevos de gallinas sueltas en el gallinero clase L y cat. A 6 uds. Producto Alcampo,barn,1.74,ud,0.29,6,SSR,https://www.compraonline.alcampo.es/products/auchan-huevos-de-gallinas-sueltas-en-el-gallinero-clase-l-y-cat-a-6-uds-producto-alcampo/804431
Alcampo,95204,CORRAL DE MONEGROS Huevos de gallinas camperas frescos clases M y L y cat. A  6 uds.,free_range,2.75,ud,0.46,6,SSR,https://www.compraonline.alcampo.es/products/corral-de-monegros-huevos-de-gallinas-camperas-frescos-clases-m-y-l-y-cat-a-6-uds/95204
Alcampo,767888,AUCHAN Huevos de gallinas sueltas en el gallinero clase L - XL y cat. A 6 uds. Producto Alcampo,barn,2.78,ud,0.46,6,SSR,https://www.compraonline.alcampo.es/products/auchan-huevos-de-gallinas-sueltas-en-el-gallinero-clase-l-xl-y-cat-a-6-uds-producto-alcampo/767888
Alcampo,677255,ALCAMPO CULTIVAMOS LO BUENO  Huevos de gallinas camperas clase L y cat. A 6 uds.,free_range,1.99,ud,0.33,6,SSR,https://www.compraonline.alcampo.es/products/alcampo-cultivamos-lo-bueno-huevos-de-gallinas-camperas-clase-l-y-cat-a-6-uds/677255
Alcampo,677280,ALCAMPO CULTIVAMOS LO BUENO Huevos de gallinas camperas clase XL y cat. A 10 uds.,free_range,4.99,ud,0.5,10,SSR,https://www.compraonline.alcampo.es/products/alcampo-cultivamos-lo-bueno-huevos-de-gallinas-camperas-clase-xl-y-cat-a-10-uds/677280
Alcampo,562283,MONEGROS Huevos de codorniz frescos 12 uds.,caged,1.31,ud,0.11,12,SSR,https://www.compraonline.alcampo.es/products/monegros-huevos-de-codorniz-frescos-12-uds/562283
Alcampo,472077,DAGU Huevos de gallinas sueltas en el gallinero clase L y cat. A 12 uds.,barn,3.99,ud,0.33,12,SSR,https://www.compraonline.alcampo.es/products/dagu-huevos-de-gallinas-sueltas-en-el-gallinero-clase-l-y-cat-a-12-uds/472077
Alcampo,428267,GRANJAS VILLARREAL Huevos de gallinas camperas clase M - L y cat. A  6 uds.,free_range,2.15,ud,0.36,6,SSR,https://www.compraonline.alcampo.es/products/granjas-villarreal-huevos-de-gallinas-camperas-clase-m-l-y-cat-a-6-uds/428267
Alcampo,53224,PAZO DE VILANE Huevos de gallinas camperas clase L y cat. A 6 uds.,free_range,2.5,ud,0.42,6,SSR,https://www.compraonline.alcampo.es/products/pazo-de-vilane-huevos-de-gallinas-camperas-clase-l-y-cat-a-6-uds/53224
Alcampo,204522,LOS FRESQUITOS Huevos de gallinas sueltas 10 unidades,barn,2.47,ud,0.25,10,SSR,https://www.compraonline.alcampo.es/products/los-fresquitos-huevos-de-gallinas-sueltas-10-unidades/204522
Alcampo,918082,OLÉ Huevos de gallinas camperas clase M / L y cat. A 12 uds.,free_range,4.2,ud,0.35,12,SSR,https://www.compraonline.alcampo.es/products/olé-huevos-de-gallinas-camperas-clase-m-l-y-cat-a-12-uds/918082
Alcampo,511237,PITAS Huevos de gallinas sueltas en el gallinero clase L / M y categoria A 12 uds.,barn,3.49,ud,0.29,12,SSR,https://www.compraonline.alcampo.es/products/pitas-huevos-de-gallinas-sueltas-en-el-gallinero-clase-l-m-y-categoria-a-12-uds/511237
Alcampo,228739,AUCHAN Huevos de gallinas sueltas en el gallinero clase M y categoría A 12 uds. Producto Alcampo.,barn,2.59,ud,0.22,12,SSR,https://www.compraonline.alcampo.es/products/auchan-huevos-de-gallinas-sueltas-en-el-gallinero-clase-m-y-categoría-a-12-uds-producto-alcampo/228739
Alcampo,228681,AUCHAN Huevos de gallinas sueltas en el gallinero categoría A y clase L-XL 12 uds. Producto Alcampo.,barn,4.27,ud,0.36,12,SSR,https://www.compraonline.alcampo.es/products/auchan-huevos-de-gallinas-sueltas-en-el-gallinero-categoría-a-y-clase-l-xl-12-uds-producto-alcampo/228681
Alcampo,918093,OLÉ Huevos de gallinas camperas clase M / L y cat. A   6 uds,free_range,2.24,ud,0.37,6,SSR,https://www.compraonline.alcampo.es/products/olé-huevos-de-gallinas-camperas-clase-m-l-y-cat-a-6-uds/918093
